-- AGGIUNGIAMO ALTRI ELEMENTI ALLE TABELLE (2)

-- 1. POPOLAMENTO REGISTA 

INSERT INTO REGISTA VALUES ('REG000008', 'Luca', 'Mancini', 'Francese');
INSERT INTO REGISTA VALUES ('REG000009', 'Lana', 'Ferrari', 'Coreana');
INSERT INTO REGISTA VALUES ('REG000010', 'Roberta', 'Bianchi', 'Italiana');
INSERT INTO REGISTA VALUES ('REG000011', 'Valentina', 'Gibson', 'Australiana');
INSERT INTO REGISTA VALUES ('REG000012', 'Martina', 'Lee', 'Francese');
INSERT INTO REGISTA VALUES ('REG000013', 'Daniele', 'Rossi', 'Americana');
INSERT INTO REGISTA VALUES ('REG000014', 'Robert', 'Mancini', 'Americana');
INSERT INTO REGISTA VALUES ('REG000015', 'Nora', 'Fincher', 'Britannica');
INSERT INTO REGISTA VALUES ('REG000016', 'Chiara', 'Anderson', 'Giapponese');
INSERT INTO REGISTA VALUES ('REG000017', 'Andrea', 'Wright', 'Coreana');
INSERT INTO REGISTA VALUES ('REG000018', 'Anna', 'Russo', 'Coreana');
INSERT INTO REGISTA VALUES ('REG000019', 'Greta', 'Villeneuve', 'Australiana');
INSERT INTO REGISTA VALUES ('REG000020', 'Sara', 'Bianchi', 'Francese');
INSERT INTO REGISTA VALUES ('REG000021', 'Alessandro', 'Gallo', 'Britannica');
INSERT INTO REGISTA VALUES ('REG000022', 'Claudia', 'Villeneuve', 'Americana');
INSERT INTO REGISTA VALUES ('REG000023', 'Martina', 'Mancini', 'Britannica');
INSERT INTO REGISTA VALUES ('REG000024', 'Paolo', 'Conti', 'Americana');
INSERT INTO REGISTA VALUES ('REG000025', 'Daniele', 'Gallo', 'Giapponese');
INSERT INTO REGISTA VALUES ('REG000026', 'Giuseppe', 'Gallo', 'Italiana');
INSERT INTO REGISTA VALUES ('REG000027', 'Ridley', 'Mancini', 'Britannica');
INSERT INTO REGISTA VALUES ('REG000028', 'Camilla', 'Cameron', 'Francese');
INSERT INTO REGISTA VALUES ('REG000029', 'Ridley', 'Wright', 'Americana');
INSERT INTO REGISTA VALUES ('REG000030', 'Valentina', 'De Luca', 'Australiana');
INSERT INTO REGISTA VALUES ('REG000031', 'Ridley', 'Villeneuve', 'Francese');
INSERT INTO REGISTA VALUES ('REG000032', 'Davide', 'Gibson', 'Canadese');
INSERT INTO REGISTA VALUES ('REG000033', 'Giulia', 'Esposito', 'Americana');
INSERT INTO REGISTA VALUES ('REG000034', 'Wes', 'Gialli', 'Spagnola');
INSERT INTO REGISTA VALUES ('REG000035', 'Claudia', 'De Luca', 'Coreana');
INSERT INTO REGISTA VALUES ('REG000036', 'Marco', 'Esposito', 'Coreana');
INSERT INTO REGISTA VALUES ('REG000037', 'Robert', 'Esposito', 'Tedesca');
INSERT INTO REGISTA VALUES ('REG000038', 'Sam', 'Rossi', 'Tedesca');
INSERT INTO REGISTA VALUES ('REG000039', 'Roberto', 'Gibson', 'Britannica');
INSERT INTO REGISTA VALUES ('REG000040', 'Massimo', 'Gibson', 'Australiana');
INSERT INTO REGISTA VALUES ('REG000041', 'Silvia', 'Ricci', 'Coreana');
INSERT INTO REGISTA VALUES ('REG000042', 'Marco', 'Cameron', 'Canadese');
INSERT INTO REGISTA VALUES ('REG000043', 'Silvia', 'Giordano', 'Francese');
INSERT INTO REGISTA VALUES ('REG000044', 'Zoe', 'Russo', 'Britannica');
INSERT INTO REGISTA VALUES ('REG000045', 'Francesco', 'Romano', 'Americana');
INSERT INTO REGISTA VALUES ('REG000046', 'Paolo', 'De Luca', 'Coreana');
INSERT INTO REGISTA VALUES ('REG000047', 'Wes', 'Bruno', 'Coreana');
INSERT INTO REGISTA VALUES ('REG000048', 'Stefano', 'Giordano', 'Spagnola');
INSERT INTO REGISTA VALUES ('REG000049', 'David', 'Bigelow', 'Coreana');
INSERT INTO REGISTA VALUES ('REG000050', 'Federico', 'Gallo', 'Britannica');
INSERT INTO REGISTA VALUES ('REG000051', 'Camilla', 'Gallo', 'Australiana');
INSERT INTO REGISTA VALUES ('REG000052', 'Sara', 'Neri', 'Francese');
INSERT INTO REGISTA VALUES ('REG000053', 'Giulia', 'Fincher', 'Britannica');
INSERT INTO REGISTA VALUES ('REG000054', 'Daniele', 'Howard', 'Francese');
INSERT INTO REGISTA VALUES ('REG000055', 'George', 'Conti', 'Canadese');
INSERT INTO REGISTA VALUES ('REG000056', 'Stefano', 'Ferrari', 'Britannica');
INSERT INTO REGISTA VALUES ('REG000057', 'Michael', 'Reitman', 'Spagnola');
INSERT INTO REGISTA VALUES ('REG000058', 'Giuseppe', 'Ferrari', 'Italiana');
INSERT INTO REGISTA VALUES ('REG000059', 'Robert', 'Ferrari', 'Francese');
INSERT INTO REGISTA VALUES ('REG000060', 'Beatrice', 'Bigelow', 'Americana');
INSERT INTO REGISTA VALUES ('REG000061', 'Daniele', 'Wright', 'Francese');
INSERT INTO REGISTA VALUES ('REG000062', 'Francesco', 'Bigelow', 'Coreana');
INSERT INTO REGISTA VALUES ('REG000063', 'Greta', 'Rossi', 'Britannica');
INSERT INTO REGISTA VALUES ('REG000064', 'Federico', 'Ricci', 'Spagnola');
INSERT INTO REGISTA VALUES ('REG000065', 'Antonio', 'Coppola', 'Italiana');
INSERT INTO REGISTA VALUES ('REG000066', 'Erika', 'Burton', 'Tedesca');
INSERT INTO REGISTA VALUES ('REG000067', 'Sam', 'Costa', 'Spagnola');
INSERT INTO REGISTA VALUES ('REG000068', 'Tony', 'Colombo', 'Francese');
INSERT INTO REGISTA VALUES ('REG000069', 'Giulia', 'Neri', 'Giapponese');
INSERT INTO REGISTA VALUES ('REG000070', 'Camilla', 'Lucas', 'Coreana');
INSERT INTO REGISTA VALUES ('REG000071', 'Paolo', 'Neri', 'Coreana');
INSERT INTO REGISTA VALUES ('REG000072', 'Federica', 'Gialli', 'Australiana');
INSERT INTO REGISTA VALUES ('REG000073', 'Mia', 'Conti', 'Spagnola');
INSERT INTO REGISTA VALUES ('REG000074', 'Zoe', 'Conti', 'Australiana');
INSERT INTO REGISTA VALUES ('REG000075', 'Alessandro', 'Lee', 'Australiana');
INSERT INTO REGISTA VALUES ('REG000076', 'James', 'De Luca', 'Francese');
INSERT INTO REGISTA VALUES ('REG000077', 'James', 'Conti', 'Tedesca');
INSERT INTO REGISTA VALUES ('REG000078', 'Kathryn', 'Giordano', 'Canadese');
INSERT INTO REGISTA VALUES ('REG000079', 'Nora', 'Gialli', 'Italiana');
INSERT INTO REGISTA VALUES ('REG000080', 'Matteo', 'Gialli', 'Coreana');
INSERT INTO REGISTA VALUES ('REG000081', 'Francesca', 'Romano', 'Giapponese');
INSERT INTO REGISTA VALUES ('REG000082', 'Federico', 'Villeneuve', 'Tedesca');
INSERT INTO REGISTA VALUES ('REG000083', 'Ava', 'Giordano', 'Australiana');
INSERT INTO REGISTA VALUES ('REG000084', 'Marco', 'Giordano', 'Britannica');
INSERT INTO REGISTA VALUES ('REG000085', 'Davide', 'De Luca', 'Britannica');
INSERT INTO REGISTA VALUES ('REG000086', 'Simone', 'Mancini', 'Tedesca');
INSERT INTO REGISTA VALUES ('REG000087', 'Robert', 'Bruno', 'Tedesca');
INSERT INTO REGISTA VALUES ('REG000088', 'Riccardo', 'Neri', 'Britannica');
INSERT INTO REGISTA VALUES ('REG000089', 'Daniele', 'Bianchi', 'Italiana');
INSERT INTO REGISTA VALUES ('REG000090', 'Elena', 'De Luca', 'Americana');
INSERT INTO REGISTA VALUES ('REG000091', 'Wes', 'Rossi', 'Britannica');
INSERT INTO REGISTA VALUES ('REG000092', 'Zoe', 'Colombo', 'Coreana');
INSERT INTO REGISTA VALUES ('REG000093', 'Silvia', 'Colombo', 'Spagnola');
INSERT INTO REGISTA VALUES ('REG000094', 'Alessia', 'Villeneuve', 'Italiana');
INSERT INTO REGISTA VALUES ('REG000095', 'Antonio', 'Conti', 'Britannica');
INSERT INTO REGISTA VALUES ('REG000096', 'Beatrice', 'Lee', 'Australiana');
INSERT INTO REGISTA VALUES ('REG000097', 'Federico', 'Ricci', 'Americana');
INSERT INTO REGISTA VALUES ('REG000098', 'Luca', 'Marino', 'Giapponese');
INSERT INTO REGISTA VALUES ('REG000099', 'Denis', 'Conti', 'Tedesca');
INSERT INTO REGISTA VALUES ('REG000100', 'Patty', 'Ferrari', 'Spagnola');
INSERT INTO REGISTA VALUES ('REG000101', 'George', 'Gallo', 'Francese');
INSERT INTO REGISTA VALUES ('REG000102', 'Sam', 'Anderson', 'Tedesca');
INSERT INTO REGISTA VALUES ('REG000103', 'Giovanni', 'Gallo', 'Italiana');
INSERT INTO REGISTA VALUES ('REG000104', 'Ridley', 'Fincher', 'Tedesca');
INSERT INTO REGISTA VALUES ('REG000105', 'Daniele', 'Anderson', 'Coreana');
INSERT INTO REGISTA VALUES ('REG000106', 'Ava', 'Fincher', 'Italiana');
INSERT INTO REGISTA VALUES ('REG000107', 'Francesca', 'Marino', 'Australiana');

-- 2. POPOLAMENTO FILM 

INSERT INTO FILM VALUES ('FLM000010', 'Notte Infinita 10', 'Sci-Fi', 98, '2013', 'REG000063');
INSERT INTO FILM VALUES ('FLM000011', 'La Promessa 11', 'Musical', 185, '1995', 'REG000063');
INSERT INTO FILM VALUES ('FLM000012', 'La Soglia 12', 'Romantico', 99, '1999', 'REG000081');
INSERT INTO FILM VALUES ('FLM000013', 'Oltre l''Orizzonte 13', 'Animazione', 90, '2020', 'REG000063');
INSERT INTO FILM VALUES ('FLM000014', 'Ombre del Domani 14', 'Romantico', 188, '2009', 'REG000095');
INSERT INTO FILM VALUES ('FLM000015', 'Radici 15', 'Musical', 179, '2017', 'REG000033');
INSERT INTO FILM VALUES ('FLM000016', 'La Promessa 16', 'Horror', 93, '2017', 'REG000050');
INSERT INTO FILM VALUES ('FLM000017', 'La Soglia 17', 'Commedia', 169, '1982', 'REG000100');
INSERT INTO FILM VALUES ('FLM000018', 'L''Ultimo Volo 18', 'Animazione', 149, '1994', 'REG000093');
INSERT INTO FILM VALUES ('FLM000019', 'Il Custode 19', 'Commedia', 136, '2019', 'REG000045');
INSERT INTO FILM VALUES ('FLM000020', 'Voci dal Passato 20', 'Drammatico', 109, '2001', 'REG000093');
INSERT INTO FILM VALUES ('FLM000021', 'Mondo Sommerso 21', 'Documentario', 180, '1986', 'REG000086');
INSERT INTO FILM VALUES ('FLM000022', 'Cieli di Ferro 22', 'Animazione', 136, '2010', 'REG000008');
INSERT INTO FILM VALUES ('FLM000023', 'Sogni di Carta 23', 'Animazione', 111, '2002', 'REG000082');
INSERT INTO FILM VALUES ('FLM000024', 'La Soglia 24', 'Documentario', 126, '2004', 'REG000064');
INSERT INTO FILM VALUES ('FLM000025', 'Anime in Fuga 25', 'Documentario', 112, '2007', 'REG000068');
INSERT INTO FILM VALUES ('FLM000026', 'Il Quarto Giorno 26', 'Musical', 106, '2017', 'REG000018');
INSERT INTO FILM VALUES ('FLM000027', 'Sogni di Carta 27', 'Romantico', 169, '2015', 'REG000087');
INSERT INTO FILM VALUES ('FLM000028', 'Eco del Silenzio 28', 'Avventura', 189, '2023', 'REG000038');
INSERT INTO FILM VALUES ('FLM000029', 'Il Patto 29', 'Animazione', 113, '2026', 'REG000033');
INSERT INTO FILM VALUES ('FLM000030', 'La Città Perduta 30', 'Sci-Fi', 90, '1990', 'REG000068');
INSERT INTO FILM VALUES ('FLM000031', 'La Soglia 31', 'Avventura', 143, '2001', 'REG000088');
INSERT INTO FILM VALUES ('FLM000032', 'Cieli di Ferro 32', 'Thriller', 176, '2019', 'REG000057');
INSERT INTO FILM VALUES ('FLM000033', 'Tempesta d''Estate 33', 'Horror', 116, '1984', 'REG000091');
INSERT INTO FILM VALUES ('FLM000034', 'Specchio Nero 34', 'Sci-Fi', 181, '2024', 'REG000021');
INSERT INTO FILM VALUES ('FLM000035', 'La Lunga Attesa 35', 'Horror', 113, '1986', 'REG000097');
INSERT INTO FILM VALUES ('FLM000036', 'Il Labirinto 36', 'Azione', 91, '2010', 'REG000039');
INSERT INTO FILM VALUES ('FLM000037', 'Memorie d''Acqua 37', 'Avventura', 143, '1983', 'REG000067');
INSERT INTO FILM VALUES ('FLM000038', 'Il Patto 38', 'Romantico', 156, '2013', 'REG000048');
INSERT INTO FILM VALUES ('FLM000039', 'La Lunga Attesa 39', 'Azione', 163, '2021', 'REG000072');
INSERT INTO FILM VALUES ('FLM000040', 'Il Custode 40', 'Romantico', 142, '1985', 'REG000103');
INSERT INTO FILM VALUES ('FLM000041', 'Senza Ritorno 41', 'Azione', 142, '1991', 'REG000104');
INSERT INTO FILM VALUES ('FLM000042', 'Il Segreto del Lago 42', 'Documentario', 120, '2024', 'REG000107');
INSERT INTO FILM VALUES ('FLM000043', 'Il Labirinto 43', 'Azione', 165, '1990', 'REG000043');
INSERT INTO FILM VALUES ('FLM000044', 'Anime in Fuga 44', 'Avventura', 176, '1993', 'REG000038');
INSERT INTO FILM VALUES ('FLM000045', 'Notte Infinita 45', 'Commedia', 125, '2009', 'REG000018');
INSERT INTO FILM VALUES ('FLM000046', 'La Città Perduta 46', 'Drammatico', 114, '1999', 'REG000096');
INSERT INTO FILM VALUES ('FLM000047', 'La Città Perduta 47', 'Musical', 112, '1979', 'REG000061');
INSERT INTO FILM VALUES ('FLM000048', 'Il Custode 48', 'Commedia', 154, '2004', 'REG000061');
INSERT INTO FILM VALUES ('FLM000049', 'Il Ritorno del Vento 49', 'Thriller', 191, '2001', 'REG000057');
INSERT INTO FILM VALUES ('FLM000050', 'L''Ultimo Volo 50', 'Fantasy', 174, '1976', 'REG000105');
INSERT INTO FILM VALUES ('FLM000051', 'Cieli di Ferro 51', 'Horror', 146, '1975', 'REG000053');
INSERT INTO FILM VALUES ('FLM000052', 'Sogni di Carta 52', 'Horror', 194, '2001', 'REG000076');
INSERT INTO FILM VALUES ('FLM000053', 'Radici 53', 'Musical', 154, '2026', 'REG000085');
INSERT INTO FILM VALUES ('FLM000054', 'L''Ultimo Volo 54', 'Thriller', 147, '1989', 'REG000042');
INSERT INTO FILM VALUES ('FLM000055', 'Il Custode 55', 'Azione', 88, '1999', 'REG000051');
INSERT INTO FILM VALUES ('FLM000056', 'Il Patto 56', 'Documentario', 187, '2000', 'REG000100');
INSERT INTO FILM VALUES ('FLM000057', 'Frammenti di Luce 57', 'Azione', 101, '2014', 'REG000076');
INSERT INTO FILM VALUES ('FLM000058', 'Ombre del Domani 58', 'Horror', 160, '2011', 'REG000092');
INSERT INTO FILM VALUES ('FLM000059', 'Ombre del Domani 59', 'Avventura', 167, '2002', 'REG000025');
INSERT INTO FILM VALUES ('FLM000060', 'Senza Ritorno 60', 'Azione', 108, '1978', 'REG000041');
INSERT INTO FILM VALUES ('FLM000061', 'Mondo Sommerso 61', 'Commedia', 112, '2004', 'REG000049');
INSERT INTO FILM VALUES ('FLM000062', 'Eco del Silenzio 62', 'Horror', 120, '2023', 'REG000061');
INSERT INTO FILM VALUES ('FLM000063', 'Notte Infinita 63', 'Avventura', 145, '1976', 'REG000103');
INSERT INTO FILM VALUES ('FLM000064', 'Voci dal Passato 64', 'Sci-Fi', 129, '1989', 'REG000091');
INSERT INTO FILM VALUES ('FLM000065', 'Stelle Lontane 65', 'Documentario', 90, '2023', 'REG000011');
INSERT INTO FILM VALUES ('FLM000066', 'Il Segreto del Lago 66', 'Thriller', 192, '1976', 'REG000087');
INSERT INTO FILM VALUES ('FLM000067', 'La Città Perduta 67', 'Thriller', 101, '2005', 'REG000093');
INSERT INTO FILM VALUES ('FLM000068', 'Confine Invisibile 68', 'Fantasy', 112, '2004', 'REG000097');
INSERT INTO FILM VALUES ('FLM000069', 'Notte Infinita 69', 'Commedia', 106, '2013', 'REG000085');
INSERT INTO FILM VALUES ('FLM000070', 'Radici 70', 'Musical', 99, '2024', 'REG000028');
INSERT INTO FILM VALUES ('FLM000071', 'Sogni di Carta 71', 'Avventura', 159, '1976', 'REG000047');
INSERT INTO FILM VALUES ('FLM000072', 'Cieli di Ferro 72', 'Documentario', 133, '2000', 'REG000099');
INSERT INTO FILM VALUES ('FLM000073', 'Oltre l''Orizzonte 73', 'Avventura', 160, '2019', 'REG000088');
INSERT INTO FILM VALUES ('FLM000074', 'Il Segreto del Lago 74', 'Avventura', 174, '2024', 'REG000046');
INSERT INTO FILM VALUES ('FLM000075', 'Senza Ritorno 75', 'Documentario', 161, '2026', 'REG000023');
INSERT INTO FILM VALUES ('FLM000076', 'Il Quarto Giorno 76', 'Fantasy', 185, '1977', 'REG000052');
INSERT INTO FILM VALUES ('FLM000077', 'Voci dal Passato 77', 'Horror', 169, '1998', 'REG000016');
INSERT INTO FILM VALUES ('FLM000078', 'Il Labirinto 78', 'Documentario', 128, '1975', 'REG000061');
INSERT INTO FILM VALUES ('FLM000079', 'Fuoco e Ghiaccio 79', 'Azione', 98, '2002', 'REG000054');
INSERT INTO FILM VALUES ('FLM000080', 'Dove Vivono i Sogni 80', 'Azione', 175, '1984', 'REG000063');
INSERT INTO FILM VALUES ('FLM000081', 'Frammenti di Luce 81', 'Musical', 151, '2016', 'REG000042');
INSERT INTO FILM VALUES ('FLM000082', 'La Soglia 82', 'Romantico', 184, '2005', 'REG000067');
INSERT INTO FILM VALUES ('FLM000083', 'Il Custode 83', 'Musical', 160, '1992', 'REG000049');
INSERT INTO FILM VALUES ('FLM000084', 'Senza Ritorno 84', 'Thriller', 191, '1980', 'REG000043');
INSERT INTO FILM VALUES ('FLM000085', 'L''Ultimo Volo 85', 'Azione', 116, '2023', 'REG000067');
INSERT INTO FILM VALUES ('FLM000086', 'Cieli di Ferro 86', 'Fantasy', 170, '1999', 'REG000051');
INSERT INTO FILM VALUES ('FLM000087', 'Ombre del Domani 87', 'Azione', 193, '1995', 'REG000031');
INSERT INTO FILM VALUES ('FLM000088', 'Tempesta d''Estate 88', 'Thriller', 130, '2026', 'REG000041');
INSERT INTO FILM VALUES ('FLM000089', 'Eco del Silenzio 89', 'Animazione', 161, '2019', 'REG000043');
INSERT INTO FILM VALUES ('FLM000090', 'Voci dal Passato 90', 'Sci-Fi', 151, '1987', 'REG000018');
INSERT INTO FILM VALUES ('FLM000091', 'Il Segreto del Lago 91', 'Musical', 137, '2006', 'REG000079');
INSERT INTO FILM VALUES ('FLM000092', 'La Lunga Attesa 92', 'Thriller', 173, '2005', 'REG000090');
INSERT INTO FILM VALUES ('FLM000093', 'Specchio Nero 93', 'Azione', 142, '2025', 'REG000010');
INSERT INTO FILM VALUES ('FLM000094', 'Stelle Lontane 94', 'Animazione', 113, '2000', 'REG000096');
INSERT INTO FILM VALUES ('FLM000095', 'Il Segreto del Lago 95', 'Animazione', 169, '2012', 'REG000055');
INSERT INTO FILM VALUES ('FLM000096', 'Tempesta d''Estate 96', 'Romantico', 152, '1997', 'REG000062');
INSERT INTO FILM VALUES ('FLM000097', 'Radici 97', 'Romantico', 127, '1997', 'REG000097');
INSERT INTO FILM VALUES ('FLM000098', 'Anime in Fuga 98', 'Animazione', 124, '1991', 'REG000037');
INSERT INTO FILM VALUES ('FLM000099', 'Confine Invisibile 99', 'Musical', 109, '1995', 'REG000023');
INSERT INTO FILM VALUES ('FLM000100', 'Radici 100', 'Romantico', 182, '2019', 'REG000031');
INSERT INTO FILM VALUES ('FLM000101', 'Oltre l''Orizzonte 101', 'Thriller', 179, '2005', 'REG000043');
INSERT INTO FILM VALUES ('FLM000102', 'Radici 102', 'Fantasy', 182, '2008', 'REG000084');
INSERT INTO FILM VALUES ('FLM000103', 'Sogni di Carta 103', 'Avventura', 191, '1987', 'REG000045');
INSERT INTO FILM VALUES ('FLM000104', 'Il Segreto del Lago 104', 'Commedia', 107, '1994', 'REG000009');
INSERT INTO FILM VALUES ('FLM000105', 'Specchio Nero 105', 'Romantico', 101, '1992', 'REG000013');
INSERT INTO FILM VALUES ('FLM000106', 'Il Ritorno del Vento 106', 'Romantico', 122, '2019', 'REG000024');
INSERT INTO FILM VALUES ('FLM000107', 'Dove Vivono i Sogni 107', 'Azione', 98, '1975', 'REG000081');
INSERT INTO FILM VALUES ('FLM000108', 'Sogni di Carta 108', 'Azione', 146, '2003', 'REG000051');
INSERT INTO FILM VALUES ('FLM000109', 'Frammenti di Luce 109', 'Sci-Fi', 117, '2005', 'REG000022');

-- 3. POPOLAMENTO SALA 

INSERT INTO SALA VALUES ('SAL05', 50);
INSERT INTO SALA VALUES ('SAL06', 150);
INSERT INTO SALA VALUES ('SAL07', 180);
INSERT INTO SALA VALUES ('SAL08', 50);
INSERT INTO SALA VALUES ('SAL09', 40);
INSERT INTO SALA VALUES ('SAL10', 60);
INSERT INTO SALA VALUES ('SAL11', 60);
INSERT INTO SALA VALUES ('SAL12', 100);
INSERT INTO SALA VALUES ('SAL13', 50);
INSERT INTO SALA VALUES ('SAL14', 80);
INSERT INTO SALA VALUES ('SAL15', 50);
INSERT INTO SALA VALUES ('SAL16', 200);
INSERT INTO SALA VALUES ('SAL17', 150);
INSERT INTO SALA VALUES ('SAL18', 80);
INSERT INTO SALA VALUES ('SAL19', 200);
INSERT INTO SALA VALUES ('SAL20', 150);
INSERT INTO SALA VALUES ('SAL21', 180);
INSERT INTO SALA VALUES ('SAL22', 180);
INSERT INTO SALA VALUES ('SAL23', 100);
INSERT INTO SALA VALUES ('SAL24', 150);
INSERT INTO SALA VALUES ('SAL25', 100);
INSERT INTO SALA VALUES ('SAL26', 40);
INSERT INTO SALA VALUES ('SAL27', 50);
INSERT INTO SALA VALUES ('SAL28', 80);
INSERT INTO SALA VALUES ('SAL29', 80);
INSERT INTO SALA VALUES ('SAL30', 100);
INSERT INTO SALA VALUES ('SAL31', 50);
INSERT INTO SALA VALUES ('SAL32', 60);
INSERT INTO SALA VALUES ('SAL33', 80);
INSERT INTO SALA VALUES ('SAL34', 60);

-- 4. POPOLAMENTO CLIENTE 

INSERT INTO CLIENTE VALUES ('CLI000006', 'Paolo', 'Rossi', 'paolo.rossi6@email.com');
INSERT INTO CLIENTE VALUES ('CLI000007', 'Patty', 'Lucas', 'patty.lucas7@email.com');
INSERT INTO CLIENTE VALUES ('CLI000008', 'Valentina', 'Costa', 'valentina.costa8@email.com');
INSERT INTO CLIENTE VALUES ('CLI000009', 'Sam', 'Gialli', 'sam.gialli9@email.com');
INSERT INTO CLIENTE VALUES ('CLI000010', 'Riccardo', 'Greco', 'riccardo.greco10@email.com');
INSERT INTO CLIENTE VALUES ('CLI000011', 'Beatrice', 'Gallo', 'beatrice.gallo11@email.com');
INSERT INTO CLIENTE VALUES ('CLI000012', 'Daniele', 'Colombo', 'daniele.colombo12@email.com');
INSERT INTO CLIENTE VALUES ('CLI000013', 'Federica', 'Giordano', 'federica.giordano13@email.com');
INSERT INTO CLIENTE VALUES ('CLI000014', 'Fabio', 'Bigelow', 'fabio.bigelow14@email.com');
INSERT INTO CLIENTE VALUES ('CLI000015', 'Patty', 'Giordano', 'patty.giordano15@email.com');
INSERT INTO CLIENTE VALUES ('CLI000016', 'Daniele', 'Gibson', 'daniele.gibson16@email.com');
INSERT INTO CLIENTE VALUES ('CLI000017', 'Peter', 'Russo', 'peter.russo17@email.com');
INSERT INTO CLIENTE VALUES ('CLI000018', 'Wes', 'Cameron', 'wes.cameron18@email.com');
INSERT INTO CLIENTE VALUES ('CLI000019', 'Luca', 'Russo', 'luca.russo19@email.com');
INSERT INTO CLIENTE VALUES ('CLI000020', 'Kathryn', 'Verdi', 'kathryn.verdi20@email.com');
INSERT INTO CLIENTE VALUES ('CLI000021', 'Daniele', 'Bianchi', 'daniele.bianchi21@email.com');
INSERT INTO CLIENTE VALUES ('CLI000022', 'Roberto', 'Lucas', 'roberto.lucas22@email.com');
INSERT INTO CLIENTE VALUES ('CLI000023', 'Peter', 'Mancini', 'peter.mancini23@email.com');
INSERT INTO CLIENTE VALUES ('CLI000024', 'Camilla', 'Reitman', 'camilla.reitman24@email.com');
INSERT INTO CLIENTE VALUES ('CLI000025', 'Tony', 'Russo', 'tony.russo25@email.com');
INSERT INTO CLIENTE VALUES ('CLI000026', 'Denis', 'Fincher', 'denis.fincher26@email.com');
INSERT INTO CLIENTE VALUES ('CLI000027', 'Chiara', 'Ricci', 'chiara.ricci27@email.com');
INSERT INTO CLIENTE VALUES ('CLI000028', 'Patty', 'Howard', 'patty.howard28@email.com');
INSERT INTO CLIENTE VALUES ('CLI000029', 'Anna', 'Bianchi', 'anna.bianchi29@email.com');
INSERT INTO CLIENTE VALUES ('CLI000030', 'James', 'De Luca', 'james.deluca30@email.com');
INSERT INTO CLIENTE VALUES ('CLI000031', 'Nora', 'Coppola', 'nora.coppola31@email.com');
INSERT INTO CLIENTE VALUES ('CLI000032', 'Marco', 'Wright', 'marco.wright32@email.com');
INSERT INTO CLIENTE VALUES ('CLI000033', 'Martina', 'Villeneuve', 'martina.villeneuve33@email.com');
INSERT INTO CLIENTE VALUES ('CLI000034', 'Tony', 'Bigelow', 'tony.bigelow34@email.com');
INSERT INTO CLIENTE VALUES ('CLI000035', 'Antonio', 'Mancini', 'antonio.mancini35@email.com');
INSERT INTO CLIENTE VALUES ('CLI000036', 'Fabio', 'Bigelow', 'fabio.bigelow36@email.com');
INSERT INTO CLIENTE VALUES ('CLI000037', 'Tony', 'Esposito', 'tony.esposito37@email.com');
INSERT INTO CLIENTE VALUES ('CLI000038', 'Greta', 'Conti', 'greta.conti38@email.com');
INSERT INTO CLIENTE VALUES ('CLI000039', 'Massimo', 'Rossi', 'massimo.rossi39@email.com');
INSERT INTO CLIENTE VALUES ('CLI000040', 'Alessandro', 'Gallo', 'alessandro.gallo40@email.com');
INSERT INTO CLIENTE VALUES ('CLI000041', 'Lorenzo', 'Wright', 'lorenzo.wright41@email.com');
INSERT INTO CLIENTE VALUES ('CLI000042', 'Simone', 'Howard', 'simone.howard42@email.com');
INSERT INTO CLIENTE VALUES ('CLI000043', 'Fabio', 'Gibson', 'fabio.gibson43@email.com');
INSERT INTO CLIENTE VALUES ('CLI000044', 'Denis', 'Lucas', 'denis.lucas44@email.com');
INSERT INTO CLIENTE VALUES ('CLI000045', 'Federico', 'Wright', 'federico.wright45@email.com');
INSERT INTO CLIENTE VALUES ('CLI000046', 'Tim', 'Greco', 'tim.greco46@email.com');
INSERT INTO CLIENTE VALUES ('CLI000047', 'Joel', 'Romano', 'joel.romano47@email.com');
INSERT INTO CLIENTE VALUES ('CLI000048', 'Daniele', 'Lee', 'daniele.lee48@email.com');
INSERT INTO CLIENTE VALUES ('CLI000049', 'Jane', 'Gibson', 'jane.gibson49@email.com');
INSERT INTO CLIENTE VALUES ('CLI000050', 'Erika', 'Costa', 'erika.costa50@email.com');
INSERT INTO CLIENTE VALUES ('CLI000051', 'Tony', 'Colombo', 'tony.colombo51@email.com');
INSERT INTO CLIENTE VALUES ('CLI000052', 'Ilaria', 'Anderson', 'ilaria.anderson52@email.com');
INSERT INTO CLIENTE VALUES ('CLI000053', 'Nora', 'Burton', 'nora.burton53@email.com');
INSERT INTO CLIENTE VALUES ('CLI000054', 'James', 'Greco', 'james.greco54@email.com');
INSERT INTO CLIENTE VALUES ('CLI000055', 'Federico', 'Burton', 'federico.burton55@email.com');
INSERT INTO CLIENTE VALUES ('CLI000056', 'Nora', 'Lee', 'nora.lee56@email.com');
INSERT INTO CLIENTE VALUES ('CLI000057', 'Lana', 'Lucas', 'lana.lucas57@email.com');
INSERT INTO CLIENTE VALUES ('CLI000058', 'Tim', 'Burton', 'tim.burton58@email.com');
INSERT INTO CLIENTE VALUES ('CLI000059', 'Simone', 'Howard', 'simone.howard59@email.com');
INSERT INTO CLIENTE VALUES ('CLI000060', 'Davide', 'Gibson', 'davide.gibson60@email.com');
INSERT INTO CLIENTE VALUES ('CLI000061', 'Robert', 'Ferrari', 'robert.ferrari61@email.com');
INSERT INTO CLIENTE VALUES ('CLI000062', 'Peter', 'Ferrari', 'peter.ferrari62@email.com');
INSERT INTO CLIENTE VALUES ('CLI000063', 'Sam', 'Rossi', 'sam.rossi63@email.com');
INSERT INTO CLIENTE VALUES ('CLI000064', 'Denis', 'Colombo', 'denis.colombo64@email.com');
INSERT INTO CLIENTE VALUES ('CLI000065', 'Jane', 'De Luca', 'jane.deluca65@email.com');
INSERT INTO CLIENTE VALUES ('CLI000066', 'Patty', 'Coppola', 'patty.coppola66@email.com');
INSERT INTO CLIENTE VALUES ('CLI000067', 'Robert', 'Burton', 'robert.burton67@email.com');
INSERT INTO CLIENTE VALUES ('CLI000068', 'Tony', 'Bianchi', 'tony.bianchi68@email.com');
INSERT INTO CLIENTE VALUES ('CLI000069', 'Federico', 'Costa', 'federico.costa69@email.com');
INSERT INTO CLIENTE VALUES ('CLI000070', 'Alessandro', 'Reitman', 'alessandro.reitman70@email.com');
INSERT INTO CLIENTE VALUES ('CLI000071', 'Matteo', 'Bigelow', 'matteo.bigelow71@email.com');
INSERT INTO CLIENTE VALUES ('CLI000072', 'Alessia', 'Verdi', 'alessia.verdi72@email.com');
INSERT INTO CLIENTE VALUES ('CLI000073', 'Jane', 'Neri', 'jane.neri73@email.com');
INSERT INTO CLIENTE VALUES ('CLI000074', 'Silvia', 'Reitman', 'silvia.reitman74@email.com');
INSERT INTO CLIENTE VALUES ('CLI000075', 'Veronica', 'Lee', 'veronica.lee75@email.com');
INSERT INTO CLIENTE VALUES ('CLI000076', 'Roberto', 'Ricci', 'roberto.ricci76@email.com');
INSERT INTO CLIENTE VALUES ('CLI000077', 'Sofia', 'Burton', 'sofia.burton77@email.com');
INSERT INTO CLIENTE VALUES ('CLI000078', 'Federico', 'Howard', 'federico.howard78@email.com');
INSERT INTO CLIENTE VALUES ('CLI000079', 'Simone', 'Gallo', 'simone.gallo79@email.com');
INSERT INTO CLIENTE VALUES ('CLI000080', 'Riccardo', 'Wright', 'riccardo.wright80@email.com');
INSERT INTO CLIENTE VALUES ('CLI000081', 'Erika', 'Wright', 'erika.wright81@email.com');
INSERT INTO CLIENTE VALUES ('CLI000082', 'Paolo', 'Gialli', 'paolo.gialli82@email.com');
INSERT INTO CLIENTE VALUES ('CLI000083', 'Silvia', 'Giordano', 'silvia.giordano83@email.com');
INSERT INTO CLIENTE VALUES ('CLI000084', 'Wes', 'De Luca', 'wes.deluca84@email.com');
INSERT INTO CLIENTE VALUES ('CLI000085', 'Massimo', 'Greco', 'massimo.greco85@email.com');
INSERT INTO CLIENTE VALUES ('CLI000086', 'George', 'Ferrari', 'george.ferrari86@email.com');
INSERT INTO CLIENTE VALUES ('CLI000087', 'Camilla', 'Anderson', 'camilla.anderson87@email.com');
INSERT INTO CLIENTE VALUES ('CLI000088', 'Fabio', 'Verdi', 'fabio.verdi88@email.com');
INSERT INTO CLIENTE VALUES ('CLI000089', 'Ridley', 'Mancini', 'ridley.mancini89@email.com');
INSERT INTO CLIENTE VALUES ('CLI000090', 'Mia', 'Neri', 'mia.neri90@email.com');
INSERT INTO CLIENTE VALUES ('CLI000091', 'Tony', 'Costa', 'tony.costa91@email.com');
INSERT INTO CLIENTE VALUES ('CLI000092', 'Giovanni', 'Anderson', 'giovanni.anderson92@email.com');
INSERT INTO CLIENTE VALUES ('CLI000093', 'Martina', 'De Luca', 'martina.deluca93@email.com');
INSERT INTO CLIENTE VALUES ('CLI000094', 'Davide', 'Ferrari', 'davide.ferrari94@email.com');
INSERT INTO CLIENTE VALUES ('CLI000095', 'Andrea', 'Giordano', 'andrea.giordano95@email.com');
INSERT INTO CLIENTE VALUES ('CLI000096', 'Andrea', 'Villeneuve', 'andrea.villeneuve96@email.com');
INSERT INTO CLIENTE VALUES ('CLI000097', 'Alessandro', 'Costa', 'alessandro.costa97@email.com');
INSERT INTO CLIENTE VALUES ('CLI000098', 'Roberta', 'Marino', 'roberta.marino98@email.com');
INSERT INTO CLIENTE VALUES ('CLI000099', 'Jane', 'Villeneuve', 'jane.villeneuve99@email.com');
INSERT INTO CLIENTE VALUES ('CLI000100', 'Daniele', 'Ricci', 'daniele.ricci100@email.com');
INSERT INTO CLIENTE VALUES ('CLI000101', 'Ava', 'Lucas', 'ava.lucas101@email.com');
INSERT INTO CLIENTE VALUES ('CLI000102', 'Fabio', 'Fincher', 'fabio.fincher102@email.com');
INSERT INTO CLIENTE VALUES ('CLI000103', 'Sam', 'Gialli', 'sam.gialli103@email.com');
INSERT INTO CLIENTE VALUES ('CLI000104', 'Valentina', 'Coppola', 'valentina.coppola104@email.com');
INSERT INTO CLIENTE VALUES ('CLI000105', 'David', 'Russo', 'david.russo105@email.com');

-- 5. POPOLAMENTO SPETTACOLO 

INSERT INTO SPETTACOLO VALUES ('SPT000008', '2026-07-26', '15:00:00', 'SAL17', 'FLM000069');
INSERT INTO SPETTACOLO VALUES ('SPT000009', '2026-07-08', '21:15:00', 'SAL24', 'FLM000087');
INSERT INTO SPETTACOLO VALUES ('SPT000010', '2026-08-13', '19:45:00', 'SAL25', 'FLM000106');
INSERT INTO SPETTACOLO VALUES ('SPT000011', '2026-08-10', '20:00:00', 'SAL07', 'FLM000087');
INSERT INTO SPETTACOLO VALUES ('SPT000012', '2026-07-15', '21:15:00', 'SAL02', 'FLM000080');
INSERT INTO SPETTACOLO VALUES ('SPT000013', '2026-08-05', '20:00:00', 'SAL15', 'FLM000083');
INSERT INTO SPETTACOLO VALUES ('SPT000014', '2026-07-05', '21:15:00', 'SAL20', 'FLM000084');
INSERT INTO SPETTACOLO VALUES ('SPT000015', '2026-07-27', '16:30:00', 'SAL09', 'FLM000006');
INSERT INTO SPETTACOLO VALUES ('SPT000016', '2026-07-03', '19:45:00', 'SAL32', 'FLM000015');
INSERT INTO SPETTACOLO VALUES ('SPT000017', '2026-07-07', '18:30:00', 'SAL09', 'FLM000050');
INSERT INTO SPETTACOLO VALUES ('SPT000018', '2026-07-30', '20:00:00', 'SAL27', 'FLM000076');
INSERT INTO SPETTACOLO VALUES ('SPT000019', '2026-07-10', '21:00:00', 'SAL07', 'FLM000107');
INSERT INTO SPETTACOLO VALUES ('SPT000020', '2026-08-01', '22:30:00', 'SAL27', 'FLM000036');
INSERT INTO SPETTACOLO VALUES ('SPT000021', '2026-07-03', '20:00:00', 'SAL14', 'FLM000057');
INSERT INTO SPETTACOLO VALUES ('SPT000022', '2026-07-29', '18:30:00', 'SAL24', 'FLM000013');
INSERT INTO SPETTACOLO VALUES ('SPT000023', '2026-08-13', '20:00:00', 'SAL23', 'FLM000008');
INSERT INTO SPETTACOLO VALUES ('SPT000024', '2026-07-26', '19:45:00', 'SAL13', 'FLM000016');
INSERT INTO SPETTACOLO VALUES ('SPT000025', '2026-07-30', '16:30:00', 'SAL14', 'FLM000083');
INSERT INTO SPETTACOLO VALUES ('SPT000026', '2026-08-10', '22:30:00', 'SAL02', 'FLM000007');
INSERT INTO SPETTACOLO VALUES ('SPT000027', '2026-07-22', '18:30:00', 'SAL09', 'FLM000101');
INSERT INTO SPETTACOLO VALUES ('SPT000028', '2026-08-06', '18:30:00', 'SAL05', 'FLM000107');
INSERT INTO SPETTACOLO VALUES ('SPT000029', '2026-08-05', '18:30:00', 'SAL14', 'FLM000105');
INSERT INTO SPETTACOLO VALUES ('SPT000030', '2026-07-15', '20:00:00', 'SAL10', 'FLM000101');
INSERT INTO SPETTACOLO VALUES ('SPT000031', '2026-08-08', '15:00:00', 'SAL18', 'FLM000019');
INSERT INTO SPETTACOLO VALUES ('SPT000032', '2026-07-09', '22:00:00', 'SAL17', 'FLM000103');
INSERT INTO SPETTACOLO VALUES ('SPT000033', '2026-07-12', '16:30:00', 'SAL02', 'FLM000017');
INSERT INTO SPETTACOLO VALUES ('SPT000034', '2026-07-01', '20:00:00', 'SAL16', 'FLM000076');
INSERT INTO SPETTACOLO VALUES ('SPT000035', '2026-07-21', '15:00:00', 'SAL12', 'FLM000034');
INSERT INTO SPETTACOLO VALUES ('SPT000036', '2026-07-04', '18:00:00', 'SAL27', 'FLM000068');
INSERT INTO SPETTACOLO VALUES ('SPT000037', '2026-07-08', '16:30:00', 'SAL31', 'FLM000058');
INSERT INTO SPETTACOLO VALUES ('SPT000038', '2026-07-24', '22:00:00', 'SAL07', 'FLM000058');
INSERT INTO SPETTACOLO VALUES ('SPT000039', '2026-08-02', '18:30:00', 'SAL03', 'FLM000094');
INSERT INTO SPETTACOLO VALUES ('SPT000040', '2026-08-12', '22:00:00', 'SAL20', 'FLM000059');
INSERT INTO SPETTACOLO VALUES ('SPT000041', '2026-08-11', '15:00:00', 'SAL04', 'FLM000062');
INSERT INTO SPETTACOLO VALUES ('SPT000042', '2026-07-26', '21:00:00', 'SAL07', 'FLM000063');
INSERT INTO SPETTACOLO VALUES ('SPT000043', '2026-08-15', '21:15:00', 'SAL05', 'FLM000011');
INSERT INTO SPETTACOLO VALUES ('SPT000044', '2026-07-21', '22:30:00', 'SAL10', 'FLM000009');
INSERT INTO SPETTACOLO VALUES ('SPT000045', '2026-07-09', '19:45:00', 'SAL21', 'FLM000049');
INSERT INTO SPETTACOLO VALUES ('SPT000046', '2026-08-08', '22:00:00', 'SAL19', 'FLM000059');
INSERT INTO SPETTACOLO VALUES ('SPT000047', '2026-08-02', '22:30:00', 'SAL28', 'FLM000013');
INSERT INTO SPETTACOLO VALUES ('SPT000048', '2026-08-14', '16:30:00', 'SAL14', 'FLM000056');
INSERT INTO SPETTACOLO VALUES ('SPT000049', '2026-07-29', '18:30:00', 'SAL27', 'FLM000044');
INSERT INTO SPETTACOLO VALUES ('SPT000050', '2026-07-30', '21:00:00', 'SAL27', 'FLM000094');
INSERT INTO SPETTACOLO VALUES ('SPT000051', '2026-07-07', '20:00:00', 'SAL28', 'FLM000041');
INSERT INTO SPETTACOLO VALUES ('SPT000052', '2026-08-12', '19:45:00', 'SAL24', 'FLM000020');
INSERT INTO SPETTACOLO VALUES ('SPT000053', '2026-08-13', '21:15:00', 'SAL05', 'FLM000012');
INSERT INTO SPETTACOLO VALUES ('SPT000054', '2026-07-06', '16:30:00', 'SAL28', 'FLM000013');
INSERT INTO SPETTACOLO VALUES ('SPT000055', '2026-07-24', '18:00:00', 'SAL04', 'FLM000076');
INSERT INTO SPETTACOLO VALUES ('SPT000056', '2026-08-05', '22:00:00', 'SAL22', 'FLM000086');
INSERT INTO SPETTACOLO VALUES ('SPT000057', '2026-07-08', '21:00:00', 'SAL23', 'FLM000086');
INSERT INTO SPETTACOLO VALUES ('SPT000058', '2026-07-28', '15:00:00', 'SAL19', 'FLM000077');
INSERT INTO SPETTACOLO VALUES ('SPT000059', '2026-07-20', '20:00:00', 'SAL07', 'FLM000074');
INSERT INTO SPETTACOLO VALUES ('SPT000060', '2026-08-02', '18:30:00', 'SAL10', 'FLM000085');
INSERT INTO SPETTACOLO VALUES ('SPT000061', '2026-07-31', '18:30:00', 'SAL07', 'FLM000045');
INSERT INTO SPETTACOLO VALUES ('SPT000062', '2026-08-05', '20:00:00', 'SAL08', 'FLM000098');
INSERT INTO SPETTACOLO VALUES ('SPT000063', '2026-07-18', '22:30:00', 'SAL15', 'FLM000104');
INSERT INTO SPETTACOLO VALUES ('SPT000064', '2026-07-28', '22:00:00', 'SAL02', 'FLM000078');
INSERT INTO SPETTACOLO VALUES ('SPT000065', '2026-08-12', '19:45:00', 'SAL02', 'FLM000024');
INSERT INTO SPETTACOLO VALUES ('SPT000066', '2026-07-18', '19:45:00', 'SAL22', 'FLM000045');
INSERT INTO SPETTACOLO VALUES ('SPT000067', '2026-07-01', '18:00:00', 'SAL10', 'FLM000073');
INSERT INTO SPETTACOLO VALUES ('SPT000068', '2026-08-12', '21:00:00', 'SAL05', 'FLM000019');
INSERT INTO SPETTACOLO VALUES ('SPT000069', '2026-08-10', '15:00:00', 'SAL06', 'FLM000096');
INSERT INTO SPETTACOLO VALUES ('SPT000070', '2026-08-03', '18:30:00', 'SAL25', 'FLM000054');
INSERT INTO SPETTACOLO VALUES ('SPT000071', '2026-07-30', '20:00:00', 'SAL11', 'FLM000048');
INSERT INTO SPETTACOLO VALUES ('SPT000072', '2026-07-20', '20:00:00', 'SAL06', 'FLM000007');
INSERT INTO SPETTACOLO VALUES ('SPT000073', '2026-07-10', '18:00:00', 'SAL04', 'FLM000087');
INSERT INTO SPETTACOLO VALUES ('SPT000074', '2026-07-06', '19:45:00', 'SAL29', 'FLM000085');
INSERT INTO SPETTACOLO VALUES ('SPT000075', '2026-07-28', '21:15:00', 'SAL29', 'FLM000054');
INSERT INTO SPETTACOLO VALUES ('SPT000076', '2026-07-18', '18:30:00', 'SAL33', 'FLM000015');
INSERT INTO SPETTACOLO VALUES ('SPT000077', '2026-07-23', '21:00:00', 'SAL08', 'FLM000037');
INSERT INTO SPETTACOLO VALUES ('SPT000078', '2026-08-13', '22:30:00', 'SAL32', 'FLM000068');
INSERT INTO SPETTACOLO VALUES ('SPT000079', '2026-08-12', '19:45:00', 'SAL03', 'FLM000029');
INSERT INTO SPETTACOLO VALUES ('SPT000080', '2026-07-26', '22:30:00', 'SAL04', 'FLM000001');
INSERT INTO SPETTACOLO VALUES ('SPT000081', '2026-07-14', '19:45:00', 'SAL14', 'FLM000099');
INSERT INTO SPETTACOLO VALUES ('SPT000082', '2026-07-09', '19:45:00', 'SAL19', 'FLM000042');
INSERT INTO SPETTACOLO VALUES ('SPT000083', '2026-07-08', '15:00:00', 'SAL32', 'FLM000096');
INSERT INTO SPETTACOLO VALUES ('SPT000084', '2026-07-28', '18:00:00', 'SAL09', 'FLM000049');
INSERT INTO SPETTACOLO VALUES ('SPT000085', '2026-08-04', '18:30:00', 'SAL33', 'FLM000072');
INSERT INTO SPETTACOLO VALUES ('SPT000086', '2026-08-12', '20:00:00', 'SAL05', 'FLM000051');
INSERT INTO SPETTACOLO VALUES ('SPT000087', '2026-07-03', '21:00:00', 'SAL02', 'FLM000059');
INSERT INTO SPETTACOLO VALUES ('SPT000088', '2026-07-05', '20:00:00', 'SAL28', 'FLM000074');
INSERT INTO SPETTACOLO VALUES ('SPT000089', '2026-07-26', '21:00:00', 'SAL19', 'FLM000015');
INSERT INTO SPETTACOLO VALUES ('SPT000090', '2026-07-26', '15:00:00', 'SAL21', 'FLM000022');
INSERT INTO SPETTACOLO VALUES ('SPT000091', '2026-08-09', '21:15:00', 'SAL24', 'FLM000012');
INSERT INTO SPETTACOLO VALUES ('SPT000092', '2026-07-28', '16:30:00', 'SAL16', 'FLM000056');
INSERT INTO SPETTACOLO VALUES ('SPT000093', '2026-08-07', '21:00:00', 'SAL34', 'FLM000011');
INSERT INTO SPETTACOLO VALUES ('SPT000094', '2026-07-26', '19:45:00', 'SAL22', 'FLM000029');
INSERT INTO SPETTACOLO VALUES ('SPT000095', '2026-07-22', '18:00:00', 'SAL05', 'FLM000066');
INSERT INTO SPETTACOLO VALUES ('SPT000096', '2026-08-10', '16:30:00', 'SAL34', 'FLM000066');
INSERT INTO SPETTACOLO VALUES ('SPT000097', '2026-07-13', '20:00:00', 'SAL23', 'FLM000094');
INSERT INTO SPETTACOLO VALUES ('SPT000098', '2026-08-11', '18:00:00', 'SAL16', 'FLM000014');
INSERT INTO SPETTACOLO VALUES ('SPT000099', '2026-07-10', '19:45:00', 'SAL13', 'FLM000023');
INSERT INTO SPETTACOLO VALUES ('SPT000100', '2026-08-08', '18:00:00', 'SAL05', 'FLM000023');
INSERT INTO SPETTACOLO VALUES ('SPT000101', '2026-08-10', '21:15:00', 'SAL30', 'FLM000097');
INSERT INTO SPETTACOLO VALUES ('SPT000102', '2026-08-06', '22:30:00', 'SAL29', 'FLM000088');
INSERT INTO SPETTACOLO VALUES ('SPT000103', '2026-08-06', '22:30:00', 'SAL21', 'FLM000081');
INSERT INTO SPETTACOLO VALUES ('SPT000104', '2026-07-21', '18:00:00', 'SAL29', 'FLM000009');
INSERT INTO SPETTACOLO VALUES ('SPT000105', '2026-07-31', '21:15:00', 'SAL20', 'FLM000102');
INSERT INTO SPETTACOLO VALUES ('SPT000106', '2026-07-18', '22:30:00', 'SAL04', 'FLM000046');
INSERT INTO SPETTACOLO VALUES ('SPT000107', '2026-08-02', '16:30:00', 'SAL20', 'FLM000060');
INSERT INTO SPETTACOLO VALUES ('SPT000108', '2026-07-29', '15:00:00', 'SAL04', 'FLM000048');
INSERT INTO SPETTACOLO VALUES ('SPT000109', '2026-07-19', '16:30:00', 'SAL06', 'FLM000079');
INSERT INTO SPETTACOLO VALUES ('SPT000110', '2026-08-08', '22:00:00', 'SAL25', 'FLM000060');
INSERT INTO SPETTACOLO VALUES ('SPT000111', '2026-08-07', '22:00:00', 'SAL03', 'FLM000058');
INSERT INTO SPETTACOLO VALUES ('SPT000112', '2026-08-06', '18:30:00', 'SAL21', 'FLM000078');
INSERT INTO SPETTACOLO VALUES ('SPT000113', '2026-07-31', '22:00:00', 'SAL10', 'FLM000008');
INSERT INTO SPETTACOLO VALUES ('SPT000114', '2026-07-29', '16:30:00', 'SAL22', 'FLM000092');
INSERT INTO SPETTACOLO VALUES ('SPT000115', '2026-07-06', '22:00:00', 'SAL12', 'FLM000006');
INSERT INTO SPETTACOLO VALUES ('SPT000116', '2026-07-16', '21:15:00', 'SAL29', 'FLM000068');
INSERT INTO SPETTACOLO VALUES ('SPT000117', '2026-08-03', '22:30:00', 'SAL11', 'FLM000047');
INSERT INTO SPETTACOLO VALUES ('SPT000118', '2026-07-24', '19:45:00', 'SAL25', 'FLM000053');
INSERT INTO SPETTACOLO VALUES ('SPT000119', '2026-07-22', '22:30:00', 'SAL04', 'FLM000102');
INSERT INTO SPETTACOLO VALUES ('SPT000120', '2026-08-10', '20:00:00', 'SAL05', 'FLM000043');
INSERT INTO SPETTACOLO VALUES ('SPT000121', '2026-07-07', '22:00:00', 'SAL25', 'FLM000037');
INSERT INTO SPETTACOLO VALUES ('SPT000122', '2026-07-17', '22:30:00', 'SAL10', 'FLM000043');
INSERT INTO SPETTACOLO VALUES ('SPT000123', '2026-07-06', '22:30:00', 'SAL10', 'FLM000045');
INSERT INTO SPETTACOLO VALUES ('SPT000124', '2026-07-20', '21:00:00', 'SAL09', 'FLM000077');
INSERT INTO SPETTACOLO VALUES ('SPT000125', '2026-08-15', '16:30:00', 'SAL20', 'FLM000072');
INSERT INTO SPETTACOLO VALUES ('SPT000126', '2026-07-25', '20:00:00', 'SAL09', 'FLM000086');
INSERT INTO SPETTACOLO VALUES ('SPT000127', '2026-08-14', '22:00:00', 'SAL06', 'FLM000083');
INSERT INTO SPETTACOLO VALUES ('SPT000128', '2026-08-12', '21:00:00', 'SAL33', 'FLM000047');
INSERT INTO SPETTACOLO VALUES ('SPT000129', '2026-07-02', '20:00:00', 'SAL20', 'FLM000024');
INSERT INTO SPETTACOLO VALUES ('SPT000130', '2026-07-14', '20:00:00', 'SAL32', 'FLM000025');
INSERT INTO SPETTACOLO VALUES ('SPT000131', '2026-07-15', '18:00:00', 'SAL10', 'FLM000010');
INSERT INTO SPETTACOLO VALUES ('SPT000132', '2026-07-19', '16:30:00', 'SAL33', 'FLM000099');
INSERT INTO SPETTACOLO VALUES ('SPT000133', '2026-08-04', '22:00:00', 'SAL03', 'FLM000085');
INSERT INTO SPETTACOLO VALUES ('SPT000134', '2026-07-22', '22:30:00', 'SAL09', 'FLM000077');
INSERT INTO SPETTACOLO VALUES ('SPT000135', '2026-07-25', '18:00:00', 'SAL11', 'FLM000024');
INSERT INTO SPETTACOLO VALUES ('SPT000136', '2026-08-14', '22:30:00', 'SAL11', 'FLM000093');
INSERT INTO SPETTACOLO VALUES ('SPT000137', '2026-07-29', '15:00:00', 'SAL27', 'FLM000047');
INSERT INTO SPETTACOLO VALUES ('SPT000138', '2026-08-13', '18:30:00', 'SAL29', 'FLM000079');
INSERT INTO SPETTACOLO VALUES ('SPT000139', '2026-07-19', '21:15:00', 'SAL15', 'FLM000069');
INSERT INTO SPETTACOLO VALUES ('SPT000140', '2026-07-16', '19:45:00', 'SAL31', 'FLM000107');
INSERT INTO SPETTACOLO VALUES ('SPT000141', '2026-07-13', '20:00:00', 'SAL29', 'FLM000060');
INSERT INTO SPETTACOLO VALUES ('SPT000142', '2026-07-19', '21:00:00', 'SAL33', 'FLM000068');
INSERT INTO SPETTACOLO VALUES ('SPT000143', '2026-07-27', '18:00:00', 'SAL13', 'FLM000103');
INSERT INTO SPETTACOLO VALUES ('SPT000144', '2026-08-08', '18:00:00', 'SAL17', 'FLM000007');
INSERT INTO SPETTACOLO VALUES ('SPT000145', '2026-08-11', '21:15:00', 'SAL24', 'FLM000071');
INSERT INTO SPETTACOLO VALUES ('SPT000146', '2026-07-07', '22:00:00', 'SAL08', 'FLM000037');
INSERT INTO SPETTACOLO VALUES ('SPT000147', '2026-07-06', '18:00:00', 'SAL18', 'FLM000058');
INSERT INTO SPETTACOLO VALUES ('SPT000148', '2026-08-02', '18:00:00', 'SAL28', 'FLM000012');
INSERT INTO SPETTACOLO VALUES ('SPT000149', '2026-07-15', '21:15:00', 'SAL23', 'FLM000004');
INSERT INTO SPETTACOLO VALUES ('SPT000150', '2026-07-27', '15:00:00', 'SAL26', 'FLM000065');
INSERT INTO SPETTACOLO VALUES ('SPT000151', '2026-07-24', '18:30:00', 'SAL25', 'FLM000011');
INSERT INTO SPETTACOLO VALUES ('SPT000152', '2026-07-24', '18:30:00', 'SAL02', 'FLM000041');
INSERT INTO SPETTACOLO VALUES ('SPT000153', '2026-07-07', '20:00:00', 'SAL10', 'FLM000018');
INSERT INTO SPETTACOLO VALUES ('SPT000154', '2026-07-03', '19:45:00', 'SAL31', 'FLM000090');
INSERT INTO SPETTACOLO VALUES ('SPT000155', '2026-07-09', '21:15:00', 'SAL29', 'FLM000079');
INSERT INTO SPETTACOLO VALUES ('SPT000156', '2026-07-01', '16:30:00', 'SAL02', 'FLM000033');
INSERT INTO SPETTACOLO VALUES ('SPT000157', '2026-07-14', '18:00:00', 'SAL34', 'FLM000055');

-- 6. POPOLAMENTO BIGLIETTO 

INSERT INTO BIGLIETTO VALUES (511, 'B10', 8.0, '2026-07-20', 'SPT000032', 'CLI000007');
INSERT INTO BIGLIETTO VALUES (512, 'D14', 10.0, '2026-07-05', 'SPT000029', 'CLI000064');
INSERT INTO BIGLIETTO VALUES (513, 'J18', 6.5, '2026-08-10', 'SPT000132', 'CLI000074');
INSERT INTO BIGLIETTO VALUES (514, 'D05', 8.5, '2026-07-28', 'SPT000001', 'CLI000079');
INSERT INTO BIGLIETTO VALUES (515, 'F08', 9.5, '2026-07-12', 'SPT000022', 'CLI000068');
INSERT INTO BIGLIETTO VALUES (516, 'F03', 6.5, '2026-07-25', 'SPT000121', 'CLI000006');
INSERT INTO BIGLIETTO VALUES (517, 'G12', 8.5, '2026-07-02', 'SPT000092', 'CLI000101');
INSERT INTO BIGLIETTO VALUES (518, 'B12', 8.0, '2026-08-12', 'SPT000027', 'CLI000099');
INSERT INTO BIGLIETTO VALUES (519, 'J11', 7.5, '2026-07-03', 'SPT000091', 'CLI000070');
INSERT INTO BIGLIETTO VALUES (520, 'F06', 10.0, '2026-08-14', 'SPT000123', 'CLI000081');
INSERT INTO BIGLIETTO VALUES (521, 'C05', 7.0, '2026-08-15', 'SPT000118', 'CLI000005');
INSERT INTO BIGLIETTO VALUES (522, 'E07', 6.5, '2026-07-13', 'SPT000011', 'CLI000041');
INSERT INTO BIGLIETTO VALUES (523, 'E17', 9.5, '2026-08-04', 'SPT000122', 'CLI000033');
INSERT INTO BIGLIETTO VALUES (524, 'A07', 8.5, '2026-07-23', 'SPT000013', 'CLI000084');
INSERT INTO BIGLIETTO VALUES (525, 'F09', 7.0, '2026-07-24', 'SPT000112', 'CLI000052');
INSERT INTO BIGLIETTO VALUES (526, 'H13', 9.0, '2026-07-12', 'SPT000128', 'CLI000089');
INSERT INTO BIGLIETTO VALUES (527, 'H12', 8.5, '2026-07-06', 'SPT000109', 'CLI000011');
INSERT INTO BIGLIETTO VALUES (528, 'G20', 7.5, '2026-08-04', 'SPT000076', 'CLI000042');
INSERT INTO BIGLIETTO VALUES (529, 'B03', 9.0, '2026-08-12', 'SPT000076', 'CLI000040');
INSERT INTO BIGLIETTO VALUES (530, 'H20', 9.5, '2026-07-11', 'SPT000114', 'CLI000045');
INSERT INTO BIGLIETTO VALUES (531, 'H02', 9.0, '2026-08-09', 'SPT000112', 'CLI000036');
INSERT INTO BIGLIETTO VALUES (532, 'A03', 9.5, '2026-07-24', 'SPT000132', 'CLI000103');
INSERT INTO BIGLIETTO VALUES (533, 'C01', 7.5, '2026-08-08', 'SPT000113', 'CLI000005');
INSERT INTO BIGLIETTO VALUES (534, 'C03', 8.0, '2026-08-11', 'SPT000094', 'CLI000047');
INSERT INTO BIGLIETTO VALUES (535, 'G19', 6.5, '2026-08-08', 'SPT000040', 'CLI000087');
INSERT INTO BIGLIETTO VALUES (536, 'H12', 9.0, '2026-07-29', 'SPT000020', 'CLI000074');
INSERT INTO BIGLIETTO VALUES (537, 'C17', 9.0, '2026-07-26', 'SPT000081', 'CLI000084');
INSERT INTO BIGLIETTO VALUES (538, 'E08', 7.0, '2026-07-02', 'SPT000048', 'CLI000064');
INSERT INTO BIGLIETTO VALUES (539, 'I13', 7.0, '2026-07-17', 'SPT000067', 'CLI000091');
INSERT INTO BIGLIETTO VALUES (540, 'H07', 8.5, '2026-08-14', 'SPT000126', 'CLI000026');
INSERT INTO BIGLIETTO VALUES (541, 'B05', 7.0, '2026-07-29', 'SPT000045', 'CLI000092');
INSERT INTO BIGLIETTO VALUES (542, 'H03', 9.0, '2026-08-12', 'SPT000089', 'CLI000091');
INSERT INTO BIGLIETTO VALUES (543, 'B18', 8.5, '2026-07-20', 'SPT000041', 'CLI000092');
INSERT INTO BIGLIETTO VALUES (544, 'C12', 8.0, '2026-07-08', 'SPT000052', 'CLI000102');
INSERT INTO BIGLIETTO VALUES (545, 'C08', 10.0, '2026-07-02', 'SPT000093', 'CLI000071');
INSERT INTO BIGLIETTO VALUES (546, 'J12', 10.0, '2026-08-05', 'SPT000034', 'CLI000079');
INSERT INTO BIGLIETTO VALUES (547, 'B03', 8.5, '2026-07-26', 'SPT000123', 'CLI000068');
INSERT INTO BIGLIETTO VALUES (548, 'G14', 7.0, '2026-07-09', 'SPT000082', 'CLI000083');
INSERT INTO BIGLIETTO VALUES (549, 'B15', 10.0, '2026-08-13', 'SPT000133', 'CLI000045');
INSERT INTO BIGLIETTO VALUES (550, 'C18', 7.5, '2026-07-09', 'SPT000111', 'CLI000065');
INSERT INTO BIGLIETTO VALUES (551, 'A04', 7.5, '2026-07-20', 'SPT000043', 'CLI000021');
INSERT INTO BIGLIETTO VALUES (552, 'F08', 9.0, '2026-08-03', 'SPT000073', 'CLI000011');
INSERT INTO BIGLIETTO VALUES (553, 'E07', 8.5, '2026-07-09', 'SPT000078', 'CLI000079');
INSERT INTO BIGLIETTO VALUES (554, 'I03', 7.5, '2026-08-07', 'SPT000149', 'CLI000020');
INSERT INTO BIGLIETTO VALUES (555, 'C20', 9.0, '2026-08-06', 'SPT000011', 'CLI000004');
INSERT INTO BIGLIETTO VALUES (556, 'B02', 8.5, '2026-08-11', 'SPT000054', 'CLI000099');
INSERT INTO BIGLIETTO VALUES (557, 'J14', 6.5, '2026-08-01', 'SPT000140', 'CLI000038');
INSERT INTO BIGLIETTO VALUES (558, 'E16', 8.0, '2026-08-13', 'SPT000104', 'CLI000039');
INSERT INTO BIGLIETTO VALUES (559, 'H03', 6.5, '2026-07-11', 'SPT000113', 'CLI000054');
INSERT INTO BIGLIETTO VALUES (560, 'H15', 8.0, '2026-07-22', 'SPT000156', 'CLI000019');
INSERT INTO BIGLIETTO VALUES (561, 'F11', 9.0, '2026-07-26', 'SPT000034', 'CLI000098');


INSERT INTO BIGLIETTO VALUES (562, 'F17', 7.0, '2026-07-21', 'SPT000062', 'CLI000060');
INSERT INTO BIGLIETTO VALUES (563, 'B09', 10.0, '2026-07-16', 'SPT000037', 'CLI000013');
INSERT INTO BIGLIETTO VALUES (564, 'A10', 9.5, '2026-08-09', 'SPT000108', 'CLI000032');
INSERT INTO BIGLIETTO VALUES (565, 'C11', 9.0, '2026-07-13', 'SPT000041', 'CLI000064');
INSERT INTO BIGLIETTO VALUES (566, 'I15', 10.0, '2026-07-20', 'SPT000128', 'CLI000003');
INSERT INTO BIGLIETTO VALUES (567, 'B13', 10.0, '2026-07-16', 'SPT000056', 'CLI000075');
INSERT INTO BIGLIETTO VALUES (568, 'F02', 6.5, '2026-07-19', 'SPT000127', 'CLI000077');
INSERT INTO BIGLIETTO VALUES (569, 'H10', 6.5, '2026-07-07', 'SPT000111', 'CLI000018');
INSERT INTO BIGLIETTO VALUES (570, 'E12', 9.5, '2026-07-24', 'SPT000012', 'CLI000052');
INSERT INTO BIGLIETTO VALUES (571, 'A19', 8.0, '2026-07-24', 'SPT000142', 'CLI000037');
INSERT INTO BIGLIETTO VALUES (572, 'B13', 10.0, '2026-08-05', 'SPT000072', 'CLI000080');
INSERT INTO BIGLIETTO VALUES (573, 'J04', 7.5, '2026-07-07', 'SPT000101', 'CLI000048');
INSERT INTO BIGLIETTO VALUES (574, 'F18', 9.0, '2026-07-10', 'SPT000051', 'CLI000078');
INSERT INTO BIGLIETTO VALUES (575, 'I13', 6.5, '2026-07-03', 'SPT000010', 'CLI000018');
INSERT INTO BIGLIETTO VALUES (576, 'F16', 10.0, '2026-07-10', 'SPT000156', 'CLI000066');
INSERT INTO BIGLIETTO VALUES (577, 'C11', 9.0, '2026-07-11', 'SPT000101', 'CLI000079');
INSERT INTO BIGLIETTO VALUES (578, 'E19', 9.0, '2026-08-02', 'SPT000131', 'CLI000069');
INSERT INTO BIGLIETTO VALUES (579, 'H19', 8.5, '2026-07-31', 'SPT000005', 'CLI000048');
INSERT INTO BIGLIETTO VALUES (580, 'F04', 9.5, '2026-08-07', 'SPT000079', 'CLI000102');
INSERT INTO BIGLIETTO VALUES (581, 'A20', 10.0, '2026-07-17', 'SPT000149', 'CLI000074');
INSERT INTO BIGLIETTO VALUES (582, 'D02', 10.0, '2026-07-11', 'SPT000135', 'CLI000081');
INSERT INTO BIGLIETTO VALUES (583, 'J13', 7.5, '2026-08-13', 'SPT000063', 'CLI000005');
INSERT INTO BIGLIETTO VALUES (584, 'J04', 8.0, '2026-07-02', 'SPT000113', 'CLI000041');
INSERT INTO BIGLIETTO VALUES (585, 'G05', 9.5, '2026-08-14', 'SPT000053', 'CLI000053');
INSERT INTO BIGLIETTO VALUES (586, 'I20', 10.0, '2026-07-04', 'SPT000036', 'CLI000067');
INSERT INTO BIGLIETTO VALUES (587, 'D18', 9.0, '2026-08-12', 'SPT000123', 'CLI000068');
INSERT INTO BIGLIETTO VALUES (588, 'G11', 7.5, '2026-07-30', 'SPT000137', 'CLI000044');
INSERT INTO BIGLIETTO VALUES (589, 'I12', 8.5, '2026-08-09', 'SPT000124', 'CLI000025');
INSERT INTO BIGLIETTO VALUES (590, 'D09', 8.5, '2026-07-15', 'SPT000077', 'CLI000099');
INSERT INTO BIGLIETTO VALUES (591, 'E07', 10.0, '2026-07-21', 'SPT000123', 'CLI000045');
INSERT INTO BIGLIETTO VALUES (592, 'I09', 8.5, '2026-07-08', 'SPT000147', 'CLI000087');
INSERT INTO BIGLIETTO VALUES (593, 'I13', 9.5, '2026-07-23', 'SPT000038', 'CLI000038');
INSERT INTO BIGLIETTO VALUES (594, 'A10', 7.0, '2026-07-23', 'SPT000114', 'CLI000084');
INSERT INTO BIGLIETTO VALUES (595, 'E16', 8.0, '2026-07-13', 'SPT000138', 'CLI000035');
INSERT INTO BIGLIETTO VALUES (596, 'I09', 7.5, '2026-07-07', 'SPT000151', 'CLI000031');
INSERT INTO BIGLIETTO VALUES (597, 'D02', 8.0, '2026-08-10', 'SPT000060', 'CLI000007');
INSERT INTO BIGLIETTO VALUES (598, 'B14', 9.0, '2026-08-15', 'SPT000121', 'CLI000013');
INSERT INTO BIGLIETTO VALUES (599, 'C01', 7.5, '2026-07-27', 'SPT000122', 'CLI000062');
INSERT INTO BIGLIETTO VALUES (600, 'D10', 9.0, '2026-07-19', 'SPT000016', 'CLI000099');
INSERT INTO BIGLIETTO VALUES (601, 'B19', 8.0, '2026-08-04', 'SPT000010', 'CLI000023');
INSERT INTO BIGLIETTO VALUES (602, 'G06', 6.5, '2026-07-26', 'SPT000127', 'CLI000024');
INSERT INTO BIGLIETTO VALUES (603, 'E02', 6.5, '2026-07-20', 'SPT000146', 'CLI000078');
INSERT INTO BIGLIETTO VALUES (604, 'B11', 8.5, '2026-07-30', 'SPT000140', 'CLI000068');
INSERT INTO BIGLIETTO VALUES (605, 'H05', 10.0, '2026-07-18', 'SPT000050', 'CLI000104');
INSERT INTO BIGLIETTO VALUES (606, 'B11', 7.5, '2026-07-30', 'SPT000066', 'CLI000092');
INSERT INTO BIGLIETTO VALUES (607, 'C01', 9.0, '2026-07-19', 'SPT000146', 'CLI000087');
INSERT INTO BIGLIETTO VALUES (608, 'D06', 9.5, '2026-07-28', 'SPT000132', 'CLI000042');
INSERT INTO BIGLIETTO VALUES (609, 'B13', 7.0, '2026-07-12', 'SPT000036', 'CLI000062');
INSERT INTO BIGLIETTO VALUES (610, 'F08', 6.5, '2026-07-17', 'SPT000099', 'CLI000031');
INSERT INTO BIGLIETTO VALUES (611, 'H09', 9.0, '2026-07-20', 'SPT000150', 'CLI000093');
INSERT INTO BIGLIETTO VALUES (612, 'J01', 8.5, '2026-08-11', 'SPT000093', 'CLI000089');
INSERT INTO BIGLIETTO VALUES (613, 'D02', 7.0, '2026-07-30', 'SPT000079', 'CLI000021');
INSERT INTO BIGLIETTO VALUES (614, 'G17', 8.5, '2026-08-14', 'SPT000031', 'CLI000082');
INSERT INTO BIGLIETTO VALUES (615, 'E12', 8.0, '2026-07-15', 'SPT000035', 'CLI000062');
INSERT INTO BIGLIETTO VALUES (616, 'C15', 9.0, '2026-07-27', 'SPT000141', 'CLI000061');
INSERT INTO BIGLIETTO VALUES (617, 'I07', 8.0, '2026-08-13', 'SPT000153', 'CLI000101');
INSERT INTO BIGLIETTO VALUES (618, 'B17', 10.0, '2026-08-03', 'SPT000093', 'CLI000010');
INSERT INTO BIGLIETTO VALUES (619, 'J04', 6.5, '2026-08-05', 'SPT000130', 'CLI000026');
INSERT INTO BIGLIETTO VALUES (620, 'J18', 7.5, '2026-07-11', 'SPT000084', 'CLI000067');
INSERT INTO BIGLIETTO VALUES (621, 'H04', 8.0, '2026-08-15', 'SPT000150', 'CLI000063');
INSERT INTO BIGLIETTO VALUES (622, 'B17', 10.0, '2026-07-04', 'SPT000117', 'CLI000017');
INSERT INTO BIGLIETTO VALUES (623, 'I14', 10.0, '2026-08-06', 'SPT000015', 'CLI000072');
INSERT INTO BIGLIETTO VALUES (624, 'H10', 6.5, '2026-07-26', 'SPT000066', 'CLI000105');
INSERT INTO BIGLIETTO VALUES (625, 'A07', 7.0, '2026-07-03', 'SPT000109', 'CLI000045');
INSERT INTO BIGLIETTO VALUES (626, 'B18', 6.5, '2026-07-05', 'SPT000121', 'CLI000005');
INSERT INTO BIGLIETTO VALUES (627, 'E14', 7.5, '2026-07-09', 'SPT000108', 'CLI000048');
INSERT INTO BIGLIETTO VALUES (628, 'G15', 9.5, '2026-07-25', 'SPT000021', 'CLI000088');
INSERT INTO BIGLIETTO VALUES (629, 'I05', 9.0, '2026-07-08', 'SPT000046', 'CLI000069');
INSERT INTO BIGLIETTO VALUES (630, 'G17', 7.5, '2026-07-15', 'SPT000001', 'CLI000097');
INSERT INTO BIGLIETTO VALUES (631, 'A10', 10.0, '2026-08-13', 'SPT000140', 'CLI000055');
INSERT INTO BIGLIETTO VALUES (632, 'I13', 8.0, '2026-07-16', 'SPT000118', 'CLI000045');
INSERT INTO BIGLIETTO VALUES (633, 'C09', 8.0, '2026-07-08', 'SPT000009', 'CLI000104');
INSERT INTO BIGLIETTO VALUES (634, 'G20', 6.5, '2026-07-16', 'SPT000053', 'CLI000009');
INSERT INTO BIGLIETTO VALUES (635, 'B20', 6.5, '2026-07-29', 'SPT000154', 'CLI000087');
INSERT INTO BIGLIETTO VALUES (636, 'A08', 6.5, '2026-07-26', 'SPT000113', 'CLI000030');
INSERT INTO BIGLIETTO VALUES (637, 'I07', 6.5, '2026-07-09', 'SPT000129', 'CLI000038');
INSERT INTO BIGLIETTO VALUES (638, 'D19', 9.0, '2026-08-06', 'SPT000154', 'CLI000099');
INSERT INTO BIGLIETTO VALUES (639, 'F08', 8.5, '2026-07-10', 'SPT000134', 'CLI000029');
INSERT INTO BIGLIETTO VALUES (640, 'G10', 8.5, '2026-07-04', 'SPT000143', 'CLI000076');
INSERT INTO BIGLIETTO VALUES (641, 'C14', 10.0, '2026-07-04', 'SPT000089', 'CLI000083');
INSERT INTO BIGLIETTO VALUES (642, 'G17', 9.0, '2026-08-14', 'SPT000107', 'CLI000053');
INSERT INTO BIGLIETTO VALUES (643, 'C10', 9.5, '2026-07-12', 'SPT000138', 'CLI000061');
INSERT INTO BIGLIETTO VALUES (644, 'D08', 8.5, '2026-08-15', 'SPT000037', 'CLI000104');
INSERT INTO BIGLIETTO VALUES (645, 'H02', 9.5, '2026-07-27', 'SPT000143', 'CLI000068');
INSERT INTO BIGLIETTO VALUES (646, 'C13', 8.0, '2026-07-17', 'SPT000053', 'CLI000043');
INSERT INTO BIGLIETTO VALUES (647, 'B15', 9.0, '2026-07-06', 'SPT000138', 'CLI000093');
INSERT INTO BIGLIETTO VALUES (648, 'D02', 8.5, '2026-07-25', 'SPT000155', 'CLI000078');
INSERT INTO BIGLIETTO VALUES (649, 'A03', 8.0, '2026-08-07', 'SPT000144', 'CLI000028');
INSERT INTO BIGLIETTO VALUES (650, 'H07', 9.0, '2026-07-20', 'SPT000004', 'CLI000028');
INSERT INTO BIGLIETTO VALUES (651, 'D04', 10.0, '2026-07-16', 'SPT000155', 'CLI000091');
INSERT INTO BIGLIETTO VALUES (652, 'D13', 8.0, '2026-08-05', 'SPT000083', 'CLI000100');
INSERT INTO BIGLIETTO VALUES (653, 'E13', 10.0, '2026-08-04', 'SPT000092', 'CLI000040');
INSERT INTO BIGLIETTO VALUES (654, 'E12', 10.0, '2026-07-30', 'SPT000026', 'CLI000103');
INSERT INTO BIGLIETTO VALUES (655, 'H11', 8.0, '2026-07-24', 'SPT000081', 'CLI000053');
INSERT INTO BIGLIETTO VALUES (656, 'A19', 8.0, '2026-07-10', 'SPT000005', 'CLI000034');
INSERT INTO BIGLIETTO VALUES (657, 'I19', 9.5, '2026-07-19', 'SPT000040', 'CLI000026');
INSERT INTO BIGLIETTO VALUES (658, 'F08', 9.5, '2026-08-06', 'SPT000063', 'CLI000064');
INSERT INTO BIGLIETTO VALUES (659, 'I11', 8.5, '2026-08-01', 'SPT000126', 'CLI000059');
INSERT INTO BIGLIETTO VALUES (660, 'C12', 7.5, '2026-07-09', 'SPT000140', 'CLI000063');
INSERT INTO BIGLIETTO VALUES (661, 'C18', 6.5, '2026-08-03', 'SPT000009', 'CLI000010');
INSERT INTO BIGLIETTO VALUES (662, 'A01', 9.5, '2026-07-09', 'SPT000060', 'CLI000009');
INSERT INTO BIGLIETTO VALUES (663, 'C01', 8.0, '2026-08-02', 'SPT000117', 'CLI000048');
INSERT INTO BIGLIETTO VALUES (664, 'A20', 10.0, '2026-08-12', 'SPT000125', 'CLI000003');
INSERT INTO BIGLIETTO VALUES (665, 'A18', 9.5, '2026-07-01', 'SPT000005', 'CLI000068');
INSERT INTO BIGLIETTO VALUES (666, 'E18', 8.5, '2026-07-02', 'SPT000129', 'CLI000105');
INSERT INTO BIGLIETTO VALUES (667, 'G06', 7.0, '2026-07-07', 'SPT000135', 'CLI000020');
INSERT INTO BIGLIETTO VALUES (668, 'D07', 8.5, '2026-07-23', 'SPT000069', 'CLI000102');
INSERT INTO BIGLIETTO VALUES (669, 'G03', 9.0, '2026-07-26', 'SPT000118', 'CLI000073');
INSERT INTO BIGLIETTO VALUES (670, 'D08', 8.5, '2026-08-13', 'SPT000021', 'CLI000084');
INSERT INTO BIGLIETTO VALUES (671, 'A03', 9.5, '2026-07-25', 'SPT000097', 'CLI000071');
INSERT INTO BIGLIETTO VALUES (672, 'H02', 6.5, '2026-08-14', 'SPT000044', 'CLI000011');
INSERT INTO BIGLIETTO VALUES (673, 'H14', 9.0, '2026-08-06', 'SPT000025', 'CLI000068');
INSERT INTO BIGLIETTO VALUES (674, 'A08', 8.0, '2026-08-14', 'SPT000146', 'CLI000061');
INSERT INTO BIGLIETTO VALUES (675, 'E02', 7.0, '2026-08-13', 'SPT000072', 'CLI000070');
INSERT INTO BIGLIETTO VALUES (676, 'J02', 7.5, '2026-07-21', 'SPT000005', 'CLI000027');
INSERT INTO BIGLIETTO VALUES (677, 'J05', 9.5, '2026-07-05', 'SPT000077', 'CLI000021');
INSERT INTO BIGLIETTO VALUES (678, 'J08', 9.5, '2026-08-13', 'SPT000139', 'CLI000043');
INSERT INTO BIGLIETTO VALUES (679, 'G05', 7.0, '2026-08-02', 'SPT000089', 'CLI000007');
INSERT INTO BIGLIETTO VALUES (680, 'B14', 8.0, '2026-07-05', 'SPT000088', 'CLI000078');
INSERT INTO BIGLIETTO VALUES (681, 'J20', 9.5, '2026-07-21', 'SPT000008', 'CLI000082');
INSERT INTO BIGLIETTO VALUES (682, 'E15', 10.0, '2026-07-15', 'SPT000092', 'CLI000071');
INSERT INTO BIGLIETTO VALUES (683, 'G14', 7.5, '2026-08-13', 'SPT000150', 'CLI000085');
INSERT INTO BIGLIETTO VALUES (684, 'G03', 8.5, '2026-07-16', 'SPT000019', 'CLI000011');
INSERT INTO BIGLIETTO VALUES (685, 'E05', 9.5, '2026-08-15', 'SPT000040', 'CLI000095');
INSERT INTO BIGLIETTO VALUES (686, 'G11', 9.0, '2026-07-07', 'SPT000024', 'CLI000001');
INSERT INTO BIGLIETTO VALUES (687, 'E15', 9.0, '2026-07-18', 'SPT000027', 'CLI000017');
INSERT INTO BIGLIETTO VALUES (688, 'B06', 9.5, '2026-07-29', 'SPT000143', 'CLI000072');
INSERT INTO BIGLIETTO VALUES (689, 'I14', 7.0, '2026-07-02', 'SPT000023', 'CLI000046');
INSERT INTO BIGLIETTO VALUES (690, 'I03', 9.0, '2026-07-25', 'SPT000004', 'CLI000038');
INSERT INTO BIGLIETTO VALUES (691, 'G13', 7.0, '2026-08-05', 'SPT000063', 'CLI000074');
INSERT INTO BIGLIETTO VALUES (692, 'I06', 9.5, '2026-07-11', 'SPT000036', 'CLI000035');
INSERT INTO BIGLIETTO VALUES (693, 'E09', 10.0, '2026-07-10', 'SPT000017', 'CLI000022');
INSERT INTO BIGLIETTO VALUES (694, 'G09', 9.5, '2026-07-20', 'SPT000124', 'CLI000101');
INSERT INTO BIGLIETTO VALUES (695, 'B12', 8.5, '2026-07-16', 'SPT000127', 'CLI000077');
INSERT INTO BIGLIETTO VALUES (696, 'J07', 10.0, '2026-07-07', 'SPT000035', 'CLI000039');
INSERT INTO BIGLIETTO VALUES (697, 'A13', 9.0, '2026-08-09', 'SPT000098', 'CLI000103');
INSERT INTO BIGLIETTO VALUES (698, 'F15', 9.0, '2026-07-28', 'SPT000153', 'CLI000018');
INSERT INTO BIGLIETTO VALUES (699, 'E11', 8.0, '2026-07-31', 'SPT000081', 'CLI000023');
INSERT INTO BIGLIETTO VALUES (700, 'G11', 8.5, '2026-08-14', 'SPT000126', 'CLI000074');
INSERT INTO BIGLIETTO VALUES (701, 'D11', 9.5, '2026-07-18', 'SPT000101', 'CLI000047');
INSERT INTO BIGLIETTO VALUES (702, 'B19', 8.0, '2026-08-07', 'SPT000140', 'CLI000024');
INSERT INTO BIGLIETTO VALUES (703, 'I01', 10.0, '2026-08-15', 'SPT000054', 'CLI000057');
INSERT INTO BIGLIETTO VALUES (704, 'E03', 9.5, '2026-08-13', 'SPT000128', 'CLI000018');
INSERT INTO BIGLIETTO VALUES (705, 'E08', 8.5, '2026-08-12', 'SPT000040', 'CLI000092');
INSERT INTO BIGLIETTO VALUES (706, 'G13', 7.0, '2026-07-29', 'SPT000154', 'CLI000062');
INSERT INTO BIGLIETTO VALUES (707, 'J13', 9.5, '2026-08-04', 'SPT000010', 'CLI000102');
INSERT INTO BIGLIETTO VALUES (708, 'F18', 7.0, '2026-07-07', 'SPT000064', 'CLI000085');
INSERT INTO BIGLIETTO VALUES (709, 'F06', 6.5, '2026-08-06', 'SPT000103', 'CLI000097');
INSERT INTO BIGLIETTO VALUES (710, 'F14', 7.0, '2026-07-01', 'SPT000026', 'CLI000034');

-- Controllo finale popolamento

SELECT * FROM REGISTA;
SELECT * FROM FILM;
SELECT * FROM SALA;
SELECT * FROM CLIENTE;
SELECT * FROM SPETTACOLO;
SELECT * FROM BIGLIETTO;